monsieur_bidule ; 1_rue_du_machin ; 561874554 ; internet ; 19.890000 ; iPhone66 ; 650501109 ; 19.890000
